ESPERANTO,ENGLISH,AFRIKÁANS,ALBANIAN,AZERBAIJANI,AZERI,BOSNIAN,CATALAN,CEBUANO,CZECH,CHICHEWA,CORSA,HAITIAN CREOLE,CROATIAN,DANISH,SLOVAK,SLOVENIAN,IRISH,ICELANDIC,SPANISH,ESTONIAN,BASQUE,FINNISH,FRENCH,FRIESIAN,SCOTTISH GAELIC,WELSH,GALICICIAN,HAUSA,HAWUAIAN,HMONG,HUNGARIAN,IGBO,INDONESIAN,ITALIAN,JAVANESE,KURDISH,LATIN,LATVIAN,LITHUANIAN,LUXEMBOURGISH,MALAY,MALAGASY,MALTESE,MAORI,DUTCH,NORWEGIAN,POLISH,PORTUGUESE,ROMANIAN,SAMOAN,SESOTHO,SHONA,SOMALI,SWAHILI,SWEDISH,SUNDANESE,TAGALOG,TURKISH,UZBEK,VIETNAMESE,XHOSA,YORUBA,ZULU,,,
saluton,Hello,hallo,Përshëndetje,Salam,Salam,zdravo,Hola,Hello,Ahoj,Moni,Bonghjornu,Bonjou,zdravo,Hej,Ahoj,zdravo,Dia dhuit,Halló,Hola,Tere,Kaixo,Hei,Bonjour,Hoi,Halò,Helo,Ola,Hello,aloha,Nyob zoo,Helló,Nnọọ,Halo,Ciao,Hello,slav,Salve,Sveiki,Sveiki,Hallo,Hello,Salama,Bongu,Hello,Hallo,Hallo,Witaj,Olá,buna,talofa,Lumela,mhoro,haye,Habari,Hej,Halo,Kamusta,Merhaba,Salom,xin chào,Mholo,Pẹlẹ o,Sawubona,,,
bona,good,goeie,mirë,yaxşı,yaxşı,dobro,bo,maayo,dobrý,zabwino,bene,bon,dobro,godt,dobrý,dobra,maith,góður,bueno,hea,ona,hyvä,bien,goed,math,da,bo,mai kyau,maikaʻi loa,zoo,jó,mma,baik,bene,apik,baş,bonum,labi,Gerai,gutt,baik,tsara,tajba,pai,mooi zo,god,dobry,Boa,bun,lelei,e ntle,kugona,wanaagsan,nzuri,Bra,alus,mabuti,iyi,yaxshi,tốt,Kulungile,ti o dara,okuhle,,,
mateno,morning,oggend,mëngjes,səhər,səhər,jutro,demà,buntag,ráno,m'mawa,mane,maten,jutro,morgen,dopoludnia,jutro,maidin,morgunn,Mañana,hommik,goizean,aamu,Matin,moarntiid,madainn,bore,mañá,safe,kakahiaka,thaum sawv ntxov,reggel,ụtụtụ,pagi,mattina,enjing,sib,mane,rīts,rytas,Moien,pagi,maraina,filgħodu,ata,ochtend-,morgen,ranek,manhã,dimineaţă,taeao,hoseng,mangwanani,subax,asubuhi,morgon-,isuk,umaga,sabah,ertalab,buổi sáng,ntseni,owurọ,ekuseni,,,
post,after,na,pas,sonra,sonra,nakon,després,human sa,po,pambuyo,dopu à,apre,nakon,efter,po,po,tar éis,eftir,después,pärast,ondoren,jälkeen,après,nei,an dèidh,ar ôl,despois,bayan,ma hope o,tom qab,utána,mgbe,setelah,dopo,sawise,piştî,post,pēc,po,no,selepas,rehefa,wara,i muri i,na,etter,po,depois de,după,ina ua mavae,ka mor'a,pashure,ka dib,baada,efter,saatos,pagkatapos,sonra,so'ng,sau,emva,lẹhin,ngemuva,,,
tago,day,dag,ditë,gün,gün,dan,dia,adlaw,den,tsiku,ghjornu,jou,dan,dag,deň,dan,lá,dagur,día,päev,egun,päivä,journée,dei,latha,Dydd,día,rana,lā,hnub,nap,ụbọchị,hari,giorno,dina,roj,dies,diena,diena,Dag,hari,andro,jum,ra,dag,dag,dzień,dia,zi,aso,letsatsi,zuva,maalintii,siku,dag,dinten,araw,gün,kun,ngày,usuku,ọjọ,usuku,,,
meza,middle,middel,mes,orta,orta,srednji,mig,tunga-tunga,střední,pakati,mezzu,mitan,srednji,midten,prostredný,srednji,lár,miðja,medio,keskmine,erdiko,keskimmäinen,milieu,midden,meadhan,canol,medio,tsakiya,waena,nruab nrab,középső,n'etiti,tengah,mezzo,tengah,navîn,medium,vidus,vidurys,Mëtt,pertengahan,afovoany,nofs,waenganui,midden-,midten,środkowy,meio,mijloc,moa,bohareng,pakati,dhexe,katikati,mitten,patengahan,gitna,orta,o'rta,ở giữa,phakathi,arin,maphakathi,,,
nokto,night,nag,natë,gecə,gecə,noć,nit,gabii,noc,usiku,notte,lannwit,noć,nat,nočné,noč,oíche,nótt,noche,öö,gauean,yö,nuit,nacht,oidhche,nos,noite,dare,pō,hmo ntuj,éjszaka,abalị,malam,notte,wengi,şev,noctis,nakts,naktis,Nuecht,malam,alina,lejl,po,nacht,natt,noc,noite,noapte,po,bosiu,husiku,habeenkii,usiku,natt,wengi,gabi,gece,tun,đêm,busuku,night,ubusuku,,,
nomo,name,naam,emër,ad,ad,ime,nom,ngalan,název,dzina,nomu,non,Ime,navn,názov,ime,ainm,nafn,nombre,nimi,izen,nimi,Nom,namme,ainm,enw,nome,sunan,inoa,lub npe,név,aha,nama,nome,jeneng,nav,nomine,nosaukums,vardas,Numm,nama,Anarana,isem,ingoa,naam,Navn,Nazwa,nome,Nume,igoa,lebitso la,zita,magaca,jina,namn,nami,pangalan,isim,ism,Tên,igama,orukọ,igama,,,
esti,to be,om te wees,te behesh,olmaq,olmaq,biti,ser,nga mahimong,být,kukhala,esse,yo dwe,biti,at være,byť,biti,a bheith,að vera,ser - estar,olla,izan,olla,être,wêze,Gu bhith,i fod yn,ser,ya zama,e,yuav tsum tau,lenni,na-,menjadi,essere,dadi,hebûn,esse,būt,būti,sinn,akan menjadi,mba ho,li tkun,ki te waiho,zijn,å være,być,ser estar,a fi,pe 'a,ho ba,kuva,in uu noqdo,kuwa,att vara,janten,maging,olmak,bolmoq,được,ukuba,lati wa ni,uku,,,
farto,health,gesondheid,shëndetësor,sağlamlıq,sağlamlıq,zdravlje,salut,panglawas,zdraví,thanzi,salute,sante,zdravlje,sundhed,zdravie,zdravje,sláinte,heilsa,salud,tervis,osasun,terveys,santé,sûnens,slàinte,iechyd,saúde,kiwon lafiya,ola kino,noj qab haus huv,Egészség,ahụ ike,kesehatan,Salute,kesehatan,tendûrûstî,salutem,veselība,sveikata,Gesondheet,kesihatan,fahasalamana,saħħa,hauora,Gezondheid,Helse,zdrowie,saúde,sănătate,soifua maloloina,bophelo,utano,caafimaadka,afya,hälsa,kasehatan,kalusugan,sağlık,sog'lik,Sức khỏe,zempilo,ilera,impilo,,,
ŝati,like,soos,si,kimi,kimi,poput,M'agrada,sama sa,jako,ngati,cum'è,tankou,Kao,synes godt om,Páči sa mi to,kot,cosúil le,eins,me gusta,nagu,bezalako,Kuten,comme,lykas,mar,fel,como,kamar,e like,zoo li,mint,dị ka,Suka,piace,kaya,çawa,tamquam,tāpat,Kaip,wëll,seperti,toy ny,bħal,rite,Leuk vinden,som,lubić,gostar,ca,pei,joaloka,se,sida,kama,tycka om,siga,gaya ng,sevmek,kabi,giống,ezifana,bi,efana,,,
spekti,watch,Watch,shikojnë,watch,watch,sat,veure,pagbantay,hodinky,wotchi,tot,gade,Gledati,ur,hodinky,ura,faire,horfa,reloj,watch,zaintza,katsella,regarder,horloazje,uaireadair,Gwylio,reloxo,watch,paha o ka wati,watch,néz,nche,menonton,orologio,watch,balgirtin,custodibus,skatīties,Žiūrėti,souguer,jam tangan,Watch,għassa,mataaratanga,kijk maar,se,zegarek,Assistir,ceas,mataala,le lebetse,yokurinda,watch,kuangalia,Kolla på,nonton,panoorin,izlemek,watch,đồng hồ đeo tay,silindile,wo,iwashi,,,
stelo,star,ster,yll,ulduz,ulduz,zvijezda,estrella,nga bitoon,hvězda,nyenyezi,stella,zetwal,zvijezda,stjerne,hviezda,zvezda,star,stjörnu,estrella,täht,izar,tähti,étoile,stjer,star,seren,estrela,star,hoku,lub hnub qub,csillag,kpakpando,bintang,stella,star,stêrk,stella,zvaigzne,žvaigždė,Stär,bintang,kintana,stilla,whetu,ster,stjerne,gwiazda,Estrela,stea,fetū,naleli,nyeredzi,xiddiga,nyota,stjärna,bentang,bituin,star,Yulduz,ngôi sao,star,star,inkanyezi,,,
en,in,in,në,ilə,ilə,u,a,sa,v,mu,in,nan,u,i,v,v,i,í,en,sisse,in,sisään,dans,yn,ann an,yn,en,a,i loko o,nyob rau hauv,ban ben,na,di,nel,ing,li,apud,uz,į,an,dalam,in,fl,i roto i,in,i,w,dentro,în,i,ka,mu,in,katika,i,di,sa,içinde,yilda,trong,ngo,ni,e,,,
ĉielo,sky,lug,qiell,səma,səma,nebo,cel,langit,nebe,thambo,celu,syèl,nebo,himmel,neba,nebo,spéir,himinn,cielo,taevas,zerua,taivas,ciel,himel,sky,awyr,ceo,sama,lani,ntuj,ég,igwe,langit,cielo,langit,asûman,caelum,debesis,dangus,Himmel,langit,lanitra,sema,rangi,lucht,himmel,niebo,céu,cer,lagi,sepakapakeng,denga,samada,anga,himmel,langit,langit,gökyüzü,osmon,bầu trời,isibhakabhaka,ọrun,esibhakabhakeni,,,
rano,frog,padda,bretkocë,qurbağa,qurbağa,žaba,granota,baki,žába,chule,cantucci,krapo,žaba,frø,žaba,žaba,frog,froskur,rana,konn,igel,sammakko,grenouille,kikkert,losgann,llyffant,Visita,rana,rana,Qav,béka,frog,katak,rana,kodhok,beq,ranae,varde,varlė,Frog,katak,sahona,Żrinġ,poraka,kikker,frosk,żaba,rã,broască,rane,Frog,datya,rihii,chura,groda,bangkong,palaka,kurbağa,baqa,con ếch,isele,Ọpọlọ,frog,,,
tomato,tomato,tamatie,domate,pomidor,pomidor,paradajz,tomàquet,tomato,rajče,tomato,pomodoro,tomat,rajčica,tomat,paradajka,paradižnik,trátaí,tómatar,tomate,tomat,tomatea,tomaatti,tomate,tomaat,tomato,tomato,tomate,tumatir,kamako,soob,paradicsom,Tomato,tomat,pomodoro,tomat,bacanê sor,lycopersiciSusceptibility,tomāts,pomidoras,Tomate,tomato,voatabia,tadama,tōmato,tomaat,tomat,pomidor,tomate,roșie,tomato,tamati,domatisi,yaanyo,nyanya,tomat,tomat,kamatis,domates,pomidor,cà chua,itumato,tomati,utamatisi,,,
literaturo,Literature,literatuur,letërsi,ədəbiyyat,ədəbiyyat,literatura,literatura,mga literatura sa,Literatura,Literature,Literature,literati,Književnost,Litteratur,literatúra,literatura,litríocht,bókmenntir,Literatura,kirjandus,literatura,Kirjallisuus,Littérature,Literatuer,litreachas,llenyddiaeth,literatura,Wallafe-wallafe,moʻokalaleo,Literature,Irodalom,Literature,literatur,Letteratura,Sastra,Hêdane,litterae,literatūra,literatūra,Literatur,Kesusasteraan,Haisoratra,letteratura,Literature,Literatuur,Litteratur,Literatura,Literatura,Literatură,tusitusi,lingoliloeng,Literature,suugaanta,Literature,Litteratur,Sastra,panitikan,Edebiyat,adabiyot,Văn chương,Literature,Literature,Kuye kwanyatheliswa izincwadi,,,
historio,history,geskiedenis,histori,tarix,tarix,istorija,història,kasaysayan,Dějiny,mbiri,a storia,istwa,povijest,historie,histórie,zgodovina,stair,Saga,historia,ajalugu,historia,historia,histoire,skiednis,eachdraidh,hanes,historia,tarihin,mōʻaukala,keeb kwm,történelem,akụkọ ihe mere eme,sejarah,storia,Sajarah,dîrok,historia,vēsture,istorija,Geschicht,sejarah,tantara,istorja,hītori,geschiedenis,historie,historia,história,istorie,talafaasolopito,histori,nhoroondo,taariikhda,historia,historia,sajarah,kasaysayan,Tarih,tarix,lịch sử,imbali,itan,umlando,,,
glaso,glass,glas,gotë,şüşə,şüşə,staklo,vidre,bildo,sklenka,galasi,biccheri,vè,staklo,glas,sklo,steklo,gloine,gler,vaso,klaas,beira,lasi-,verre,glês,glainne,gwydr,vidro,gilashin,aniani,iav,üveg,iko,kaca,bicchiere,kaca,cam,speculo,stikls,stiklas,Glas,kaca,fitaratra,ħġieġ,karaehe,glas,glass,szkło,vidro,sticlă,tioata,khalase,girazi,galaas,kioo,glas,kaca,salamin,bardak,shisha,cốc thủy tinh,glass,gilasi,ingilazi,,,
monto,mountain,berg,mal,dağ,dağ,planina,muntanya,nga bukid,hora,phiri,muntagna,mòn,planina,bjerg,vrch,gora,sliabh,fjall,montaña,mägi,mendi,vuori,Montagne,berch,beinn,mynydd,montaña,dutse,mauna,roob,hegy,ugwu,gunung,montagna,gunung,çîya,mons,kalns,kalnas,Bierg,gunung,tendrombohitra,muntanji,maunga,berg,fjell,Góra,montanha,Munte,mauga,lithaba,gomo,buurta,mlima,berg,gunung,bundok,dağ,tog,núi,ntaba,oke,entabeni,,,
idioto,idiot,idioot,idiot,idiot,idiot,idiot,idiota,buangbuang,idiot,chitsiru,baccalà,moun sòt,idiot,idiot,idiot,idiot,leathcheann,hálfviti,idiota,idioot,idiota,idiootti,idiot,idioat,Idiot,idiot,idiota,wawa,hupo,ruam,idióta,onye iberibe,orang bodoh,idiota,bodho,dînê,stultus,idiots,idiotas,Idiote,bodoh,adala,idjota,pōrangi,idioot,idiot,idiota,idiota,idiot,tagata valea,sephoqo,fuza,doqon,idiot,idiot,jelema bodo,tanga,salak,tentak,kẻ ngốc,silima,ode,silima,,,
persono,person,persoon,person,şəxs,şəxs,osoba,persona,tawo,osoba,munthu,persona,moun,osoba,person,človek,oseba,duine,maður,persona,isik,pertsona,henkilö,la personne,persoan,neach,person,persoa,mutum,kanaka,tus neeg,személy,onye,orang,persona,wong,şexs,hominem,persona,žmogus,Persoun,orang,olona,persuna,tangata,persoon,person,osoba,pessoa,persoană,tagata,motho,munhu,qof,mtu,person,jelema,tao,kişi,shaxs,người,umntu,eniyan,umuntu,,,
kanti,sing,Sing,Sing,sing,sing,Sing,cantar,Pag-awit,zpívat,Imbirani,u,Chante,pjevati,synge,sing,Sing,Sing,Sing,canta,Sing,Sing,laulaa,chanter,sjonge,sing,Sing,Sing,Ku raira waƙa,E mele aku,Hu,énekel,Sing,bernyanyi,cantare,sing,stran,sing,Sing,dainuoti,sangen,sing,Mihirà,nijet,Waiata,zingen,synge,śpiewać,cantar,cânta,pepese,re bine,Imbirai,gabya,kuimba,sjunga,Sing saha,sing,şarkı söyle,Sing,hát,Vumani,KỌRIN,Sing,,,
dum,while,terwyl,derisa,isə,isə,dok,mentre,samtang,zatímco,pamene,mentri,pandan y ap,dok,mens,zatiaľ čo,medtem,cé,en,mientras,kuigi,bitartean,sillä aikaa,tandis que,wylst,fhad 'sa,tra,mentres,yayin da,ana,thaum,míg,mgbe,sementara,mentre,nalika,demek,dum,kamēr,o,iwwerdeems,manakala,raha mbola,filwaqt li,ia,terwijl,samtidig som,podczas,enquanto,in timp ce,aʻo,ha,apo,halka,wakati,medan,waktu,habang,süre,paytda,trong khi,kanti,nigba ti,ngenkathi,,,
ili,they,hulle,ata,onlar,onlar,oni,ells,sila,ony,iwo,ch'elli,yo,oni,de,oni,so,siad,þeir,ellos,nad,haiek,ne,ils,sy,iad a ',maent yn,eles,su,"ka mea,",lawv,ők,ha,mereka,essi,padha,ew,quod,viņi,jie,se,mereka,izy ireo,huma,ratou,ze,de,one,eles,ei,latou,ba,ivo,waxay,wao,de,maranehna,sila,onlar,ular,họ,bona,nwọn si,bona,,,
fari,make,make,make,etmək,etmək,make,maquillatge,sa paghimo sa,udělat,wodzipangitsa,fàmi,fè,napraviti,lave,urobiť,Znamka,Déan,gera,hacer,tegema,make,tehdä,faire,meitsje,a dhèanamh,Creu,make,make,hana,ua,make,anam,membuat,rendere,make,kirin,facere,veidot,makiažo,maachen,make,manao,jagħmlu,hanga,maken,gjøre,robić,faço,face,e faia,ho etsa,kuitawo,samaynaysaa,fanya,göra,make,make,Yapmak,make,làm,yenza,Rii,ukwakheka,,,
muziko,music,musiek,muzikë,musiqi,musiqi,muzika,música,musika,hudba,nyimbo,musica,Mizik,"glazba, muzika",musik,hudba,glasba,Ceol,tónlist,música,muusika,musika,musiikki,la musique,muzyk,ceòl,cerddoriaeth,música,music,mele,music,zene,music,musik,musica,music,mûzîk,musicorum,mūzika,muzika,Musek,muzik,mozika,mużika,waiata,muziek-,musikk,muzyka,música,muzică,pese,mino,mumhanzi,music,muziki,musik,musik,musika,müzik,musiqa,Âm nhạc,umculo,music,umculo,,,
kaj,and,en,dhe,və,və,i,i,ug,a,ndi,e,ak,i,og,a,in,agus,og,y,ja,eta,ja,et,en,agus,ac,e,da kuma,a me ka,thiab,és,na,dan,e,lan,û,et,un,ir,an,dan,ary,u,a,en,og,i,e,și,ma,le,uye,iyo,na,och,jeung,at,ve,va,và,yaye,ati,futhi,,,
povi,be able to,in staat wees om,te jesh i afte te,mümkün ola,mümkün ola,biti u stanju da,ser capaç de,makahimo sa,být schopný,athe,sì capace di,kapab,biti u mogućnosti,være i stand til,byť schopný,biti sposoben,a bheith ábalta,vera fær um að,ser capaz de,suutma,gai izan,pystyä,être capable de,yn steat om,A bhith comasach gu bhith,yn gallu,ser quen de,iya,hiki,yuav tau,képesnek lenni,-enwe ike,mampu untuk,essere in grado di,bisa,dikarî,posse,būt spējīgam,galėti,fäeg sinn,mampu untuk,afaka,tkun tista,e taea ki,in staat zijn om,være i stand til,być w stanie,ser capaz de,a fi capabil să,pe a mafai,ba kgona ho,kukwanisa,inay awoodaan inay,na uwezo wa,kunna,tiasa,ma,yapabilmek,qila olish,có thể,kwazi uku,ni anfani lati,bakwazi,,,
dormi,sleep,slaap,gjumë,yuxu,yuxu,san,somni,pagkatulog,spát,kugona,sonnu,dòmi,spavati,søvn,spánok,spanje,codladh,svefn,dormir,uni,loaren,nukkua,sommeil,sliep,cadal,cysgu,sono,barci,hiamoe,pw tsaug zog,alvás,ụra,tidur,dormire,turu,xew,somnum,Gulēt,miegas,Schlof,tidur,matory,irqad,moe,slaap,søvn,sen,dormir,dormi,moe,ho robala,hope,hurdo,usingizi,sömn,sare,pagtulog,uyku,uyqu,ngủ,ubuthongo,orun,ubuthongo,,,
paco,peace,vrede,paqe,sülh,sülh,mir,pau,kalinaw,mír,mtendere,di paci,lapè,mir,fred,mier,mir,síocháin,friður,paz,rahu,bakea,rauha,paix,frede,sìth,heddwch,paz,zaman lafiya,ka maluhia,kev sib haum xeeb,béke,udo,perdamaian,pace,tentrem,aşîtî,pax,miers,taika,Fridden,keamanan,fandriampahalemana,paċi,te rongo,vrede,fred,pokój,Paz,pace,filemu,khotso,runyararo,nabadda,amani,fred,katentreman,kapayapaan,Barış,tinchlik,Sự thanh bình,uxolo,alafia,ukuthula,,,
danki,thank,dankie,falenderim,təşəkkür edirəm,təşəkkür edirəm,zahvaliti,agrair,sa pagpasalamat,poděkovat,zikomo,ringraziu,mèsi,zahvaliti,takke,poďakovať,hvala,go raibh maith,þakka,gracias,tänama,eskerrak,kiittää,remercier,tankje,taing a thoirt,diolch,grazas,gode,aloha aku nei au,ua tsaug,köszönet,na-ekele,terima,grazie,matur,sipaskirin,gratias ago,pateikties,dėkoti,Merci,terima kasih,misaotra,nirringrazzja,whakawhetai,bedanken,takke,podziękować,obrigado,mulțumire,faʻafetai,leboha,tenda,mahad,kuwashukuru,tacka,ngahatur nuhun,pasalamatan,teşekkür,rahmat,cảm tạ,ukubonga,dúpẹ lọwọ,ukubonga,,,
al,to,om,në,qədər,qədər,u,per,sa,na,kuti,à,,do,til,na,za,chun,að,a,et,to,että,à,nei,gu,i,para,to,i ka,rau,nak nek,ka,untuk,per,kanggo,ber,ut,līdz,į,ze,kepada,ny,li,ki,naar,til,do,para,la,i,ho,kuti,si ay u,kwa,till,ka,sa,için,uchun,đến,ukuba,to,ukuze,,,
hundo,dog,hond,qen,it,it,pas,gos,iro,Pes,galu,ghjacaru,chen,pas,hund,pes,pes,madra,hundur,perro,koer,txakur,koira,chien,hûn,cù,chi,can,kare,'īlio,aub,kutya,nkịta,anjing,cane,asu,seh,canis,suns,šuo,Hond,anjing,amboa,kelb,kuri,hond,hund,pies,cachorro,câine,maile,ntja,imbwa,Eey,mbwa,hund,anjing,aso,köpek,it,chó,inja,aja,inja,,,
esti,to be,om te wees,te behesh,olmaq,olmaq,biti,ser,nga mahimong,být,kukhala,esse,yo dwe,biti,at være,byť,biti,a bheith,að vera,ser - estar,olla,izan,olla,être,wêze,Gu bhith,i fod yn,ser,ya zama,e,yuav tsum tau,lenni,na-,menjadi,essere,dadi,hebûn,esse,būt,būti,sinn,akan menjadi,mba ho,li tkun,ki te waiho,zijn,å være,być,ser estar,a fi,pe 'a,ho ba,kuva,in uu noqdo,kuwa,att vara,janten,maging,olmak,bolmoq,được,ukuba,lati wa ni,uku,,,
besto,animal,dier,kafshë,heyvan,heyvan,životinja,animal,nga mananap,zvíře,chinyama,animale,bèt,životinja,dyr,zviera,živali,ainmhithe,dýr,animal,loom,animal,eläin,animal,bist,beathach,anifeiliaid,animal,dabba,holoholona,tsiaj,állat,anụmanụ,satwa,animale,kewan,teba,"animalis,",dzīvnieks,gyvūnas,Déier,haiwan,biby,annimali,kararehe,dier,dyr,zwierzę,animal,animal,manu,phoofolo,mhuka,xoolaha,mnyama,djur-,hewan,hayop,hayvan,hayvon,thú vật,isilwanyana,eranko,isilwane,,,
ŝi,she,sy,ajo,o,o,ona,ella,siya,ona,iye,hà,li,ona,hun,ona,je,sí,hún,ella,ta,zuen,hän,elle,sy,i,hi,ela,ta,"ka mea,",nws,ő,ọ,dia,lei,dheweke,wê,quæ,viņa,ji,si,dia,izy,hi,ia,zij,hun,Ona,ela,ea,ia,o,iye,ayay,yeye,hon,manehna,siya,o,u,bà ấy,yena,on,yena,,,
ĝi,it,Dit,ajo,o,o,to,el,kini,to,izo,si,li,to,det,to,je,sé,það,eso,see,da,se,il,it,e,mae'n,el,shi,ia,nws,azt,ọ,Itu,esso,iku,ew,quod,tā,jis,et,ia,izany,dan,reira,het,den,to,isto,aceasta,na,e,izvozvo,waxaa,ni,den,ieu,ito,o,u,nó,ngayo,o,ke,,,
ni,we,ons,ne,Biz,Biz,mi,nosaltres,kita,my,ife,avemu,nou,mi,vi,my,smo,táimid ag,við,nosotros,me,dugu,me,nous,wy,tha sinn a ',rydym yn,Nós,mu,mākou,peb,mi,anyị,kita,noi,kita,em,nobis,mēs,mes,mir,kita,isika,aħna,tatou,wij,vi,my,nós,noi,tatou,re,isu,anaga,sisi,vi,urang,kami,Biz,bizlar,chúng tôi,thina,a,thina,,,
vi,you,jy,ju,Sən,Sən,vi,vostè,ikaw,vy,inu,tu,ou,vas,du,vy,vi,tú,þú,tú,sa,zuk,sinä,vous,jo,thu,chi,vostede,ka,oe,koj,te,ị,kamu,voi,sampeyan,hûn,vos,tu,tu,Dir,anda,ianao,inti,koe,u,du,ty,você,tu,oe,o,iwe,aad,wewe,du,anjeun,ikaw,sen,siz,bạn,wena,ti o,wena,,,
demando,question,vraag,pyetje,sual,sual,pitanje,pregunta,pangutana,otázka,funso,dumanna,kesyon,pitanje,spørgsmål,otázka,vprašanje,ceist,spurning,pregunta,küsimus,Galdera,kysymys,question,fraach,cheist,cwestiwn,pregunta,tambaya,ninau,lo lus nug,kérdés,ajụjụ,pertanyaan,domanda,pitakonan,pirs,quaestio,jautājums,klausimas,Fro,soalan,fanontaniana,kwistjoni,pātai,vraag,spørsmål,pytanie,questão,întrebare,fesili,potso,mubvunzo,su'aal,swali,fråga,tatanya,tanong,soru,savol,câu hỏi,umbuzo,ibeere,umbuzo,,,
amo,love,liefde,dashuria,sevgi,sevgi,love,amor,gugma,milovat,chikondi,'amore,renmen,ljubav,kærlighed,love,ljubezen,grá,ást,amor,armastus,maitasun,rakkaus,l'amour,leafde,gràdh,cariad,amor,soyayya,aloha,kev hlub,szerelem,ịhụnanya,cinta,amore,katresnan,evîn,amare,mīlestība,meilė,Léift,cinta,fitiavana,imħabba,te aroha,liefde,kjærlighet,miłość,amor,dragoste,alofa,lerato,rudo,jacaylka,upendo,kärlek,cinta,pag-ibig,Aşk,sevgi,yêu và quý,uthando,ife,uthando,,,
laboro,work,werk,punë,iş,iş,rad,treball,buhat,práce,ntchito,u travagliu,travay,raditi,arbejde,práca,delo,obair,vinna,trabajo,töö,lan,työ,travail,wurk,obair,gwaith,traballo,aiki,hana,ua hauj lwm,munka,ọrụ,kerja,opera,karya,kar,opus,darbs,darbas,Aarbecht,kerja,asa,xogħol,mahi,werk,arbeid,praca,trabalhos,muncă,galue,mosebetsi,basa,shaqada,kazi,arbete,gawe,trabaho,iş,ish,công việc,umsebenzi,iṣẹ,umsebenzi,,,
helpo,help,hulp,Ndihmë,kömək,kömək,pomoć,ajuda,tabang,Pomoc,Thandizeni,aiutu,èd,Pomozite,Hjælp,Pomoc,pomoč,cabhrú,hjálp,ayuda,abi,laguntza,auta,Aidez-moi,help,cuideachadh,cymorth,axuda,taimako,kōkua,kev pab,Segítség,Enyemaka,Tolong,Aiuto,bantuan,alîkarî,auxilium,palīdzība,Pagalba,Hëllef,bantuan,Vonjeo,għajnuna,te tauturu,helpen,hjelp,Wsparcie,Socorro,Ajutor,fesoasoani,Thusa,rubatsiro,I caawi,msaada,hjälp,tulung,tulong,Yardım,Yordam bering,Cứu giúp,Nceda,Egba Mi O,Usizo,,,
adjektivo,adjective,adjektief,mbiemër,sifət,sifət,pridjev,adjectiu,adjective,přídavné jméno,adjective,Adjectif,adjektif,pridjev,adjektiv,prídavné meno,pridevnik,adjective,lýsingarorð,adjetivo,omadussõna,adjektibo,adjektiivi,adjectif,eigenskipswurd,buadhair,ansoddair,adxectivo,siffa,adjective,chaw,melléknév,adjective,kata sifat,aggettivo,kata,navder,adiectivum,īpašības vārds,būdvardis,Styx,kata sifat,mpamaritra,aġġettiv,kupu āhua,bijvoeglijk naamwoord,adjektiv,przymiotnik,adjetivo,adjectiv,soānauna,aggettivo,chipauro,sifo,kivumishi,adjektiv,kecap sipat,pang-uri,sıfat,sifat,tính từ,isiphawulo,ajẹtífù,isiphawulo,,,
blanka,white,wit,e bardhë,ağ,ağ,bijel,blanc,puti,bílý,woyera,biancu,blan,bijela,hvid,biely,bela,bán,hvítur,blanco,valge,Zuri-,valkoinen,blanc,Wyt,geal,Gwyn,Blanco,fari,keʻokeʻo,dawb,fehér,ọcha,putih,bianca,putih,spî,album,balts,baltas,wäiss,putih,fotsy,abjad,white,wit,hvit,biały,branco,alb,lanu paʻepaʻe,tšoeu,chena,white,nyeupe,vit,bodas,puti,beyaz,oq rang,trắng,mhlophe,funfun,emhlophe,,,
amo,love,liefde,dashuria,sevgi,sevgi,love,amor,gugma,milovat,chikondi,'amore,renmen,ljubav,kærlighed,love,ljubezen,grá,ást,amor,armastus,maitasun,rakkaus,l'amour,leafde,gràdh,cariad,amor,soyayya,aloha,kev hlub,szerelem,ịhụnanya,cinta,amore,katresnan,evîn,amare,mīlestība,meilė,Léift,cinta,fitiavana,imħabba,te aroha,liefde,kjærlighet,miłość,amor,dragoste,alofa,lerato,rudo,jacaylka,upendo,kärlek,cinta,pag-ibig,Aşk,sevgi,yêu và quý,uthando,ife,uthando,,,
alta,high,hoë,i lartë,yüksək,yüksək,visok,alt,hatag-as nga,vysoký,mkulu,altu,segondè,visok,høj,vysoký,visoko,ard,hár,alto,kõrge,handiko,korkea,haute,heech,àrd,uchel,alto,high,kiʻekiʻe,siab,magas,elu,tinggi,alto,dhuwur,bilind,altum,augsts,aukštas,héich,tinggi,avo,għoli,tiketike,hoog,høy,wysoki,Alto,înalt,maualuga,phahameng,matunhu,sare,high,hög,luhur,mataas,yüksek,baland,cao,eliphezulu,ga,okusezingeni eliphezulu,,,
verda,green,groen,e gjelbër,yaşıl,yaşıl,zelen,verd,berde nga,zelený,wobiriwira,Verde,vèt,zelena,grøn,zelená,zelena,glas,grænt,verde,roheline,berdea,vihreä,vert,grien,uaine,wyrdd,verde,kore,ōmaʻomaʻo,ntsuab,zöld,green,hijau,verde,ijo,Kesk,"viridi,",zaļš,žalias,Gréng,hijau,maitso,aħdar,matomato,groen,grønn,Zielony,verde,verde,lanu meamata,tala,girinhi,cagaaran,kijani,grön,hejo,berde,yeşil,yashil,màu xanh lá,luhlaza,alawọ ewe,oluhlaza,,,
kara,dear,Geagte,i dashur,Əziz,Əziz,drag,volgut,minahal,milý,wokondedwa,caru,renmen anpil,draga,Kære,drahá,dragi,daor,elskan,querido,kallis,maitea,rakas,chère,dear,ghràdhach,annwyl,querido,masoyi,mea makemake noʻu,Nyob zoo,kedves,hụrụ n'anya,terhormat,caro,dear,hêja,cara,dārgs,brangusis,Léif,sayang,malala,qalb,aroha,Lieve,kjære,drogi,caro,dragă,pele,moratuoa,inodiwa,gacaliyo,dear,Kära,dear,mahal,Sayın,Hurmatli,kính thưa,abathandekayo,ọwọn,othandekayo,,,
patro,father,pa,baba,ata,ata,otac,pare,amahan,otec,bambo,babbu,papa,otac,far,otec,oče,athair,faðir,padre,isa,aita,isä,père,heit,athair,tad,pai,uba,makuakāne,txiv,apa,nna,ayah,padre,rama,bav,pater,tēvs,tėvas,Papp,bapa,ray,missier,papa,vader,far,ojciec,pai,Tată,tama,ntate,baba,aabbahay,baba,far,bapa,ama,baba,ota,bố,utata,baba,uyise,,,
bela,beautiful,pragtige,e bukur,gözəl,gözəl,lijep,bonic,matahum nga,Krásná,kukongola,bellu,bèl,lijep,smuk,krásny,lepa,go hálainn,falleg,hermosa,ilus,ederra,kaunis,magnifique,moai,bòidheach,hardd,fermoso,kyau,uʻi,zoo nkauj,szép,mara mma,Cantik,bellissimo,ayu,bedew,pulchra,skaists,graži,schéin,indah,tsara tarehy,sbieħ,ataahua,mooi,vakker,piękny,lindo,frumoasa,aulelei,ntle,runako,qurux badan,nzuri,skön,geulis,maganda,güzel,chiroyli,xinh đẹp,entle,lẹwa,enhle,,,
ruĝa,red,rooi,i kuq,qırmızı,qırmızı,crven,vermell,pula nga,Červené,wofiira,rossu,wouj,Crvena,rød,červená,rdeča,dearg,rauður,rojo,punane,gorria,punainen,rouge,read,dearg,Coch,vermello,ja,ulaʻula,liab,piros,red,merah,rosso,abang,sor,rubrum,sarkans,raudonas,Rout,merah,Mena,aħmar,whero,rood,rød,czerwony,vermelho,roșu,lanu mumu,khubelu,tsvuku,cas,nyekundu,röd,beureum,pula,kırmızı,qizil,đỏ,bomvu,pupa,obomvu,,,
bedaŭro,regret,spyt,keqardhje,təəssüf,təəssüf,žaljenje,penediment,pagbasol,litovat,chisoni,rigrettu,regrè,žaljenje,fortryde,ľútosť,obžalovanje,brón,eftirsjá,lamentar,kahetsusega,damua,pahoillani,le regret,spyt,dhuilichinn,gofid,pesar,nadãma,mihi,khuv xim,megbánás,ụta,penyesalan,rimpiangere,Getun,mixabanî,poenitet,nožēlu,apgailestauju,bedaueren,penyesalan,nenina,dispjaċir,tatarahapa,betreuren,angre,żal,arrepender,regret,faanoanoa,a soabile,kuzvidemba,shaleyte,majuto,ångra,kaduhung,panghihinayang,pişmanlık,afsus,sự hối tiếc,ukuzisola,banuje,ukuzisola,,,
de,of,van,të,of,of,od,de,sa,z,wa,di,nan,od,af,z,za,de,af,de,kohta,of,of,de,fan,de,o,de,na,o ka,ntawm,"nak,-nek",nke,dari,di,saka,ji,autem,no,apie,vun,daripada,ny,ta,o,van,av,z,do,de,a,ya,pamusoro,of,ya,av,ti,ng,nın-nin,ning,của,of,ti,ka,,,
nova,new,nuwe,i ri,yeni,yeni,novo,nou,bag-o nga,Nový,yatsopano,novu,nouvo,novi,ny,Nový,novo,nua,ný,nuevo,uus,berriaren,Uusi,Nouveau,nij,ùr,newydd,novo,sabon,mea hou,tshiab,új,ọhụrụ,baru,nuovo,anyar,nşh,novus,jauns,naujas,nei,baru,vaovao,ġdid,hou,nieuw,ny,Nowy,Novo,nou,fou,e ntjha,mutsva,cusub,mpya,ny,anyar,bago,yeni,yangi,Mới,entsha,titun,entsha,,,
efektiva,effective,effektiewe,në fuqi,təsirli,təsirli,efektivan,efectiu,epektibo nga,efektivní,ogwira,diffusion,efikas,djelotvoran,effektiv,efektívna,učinkovit,éifeachtach ó thaobh,árangri,eficaz,tõhus,eraginkor,tehokas,efficace,effektyf,èifeachdach,effeithiol,eficaz,tasiri,pono ka,zoo,hatékony,irè,efektif,efficace,efektif,tesîrane,effective,efektīvs,veiksmingas,effikass,berkesan,mahomby,effettiva,whai hua,effectief,effektiv,efektywny,eficaz,efectiv,lelei,e sebetsang hantle,inoshanda,wax ku ool ah,ufanisi,effektiv,epektip,mabisa,etkili,samarali,có hiệu lực,ngempumelelo,ki o munadoko,ngempumelelo,,,
kompreni,to understand,om te verstaan,të kuptosh,başa düşmək,başa düşmək,razumjeti,entendre,sa pagsabut,rozumět,kumvetsa,à capisce,konprann,razumjeti,at forstå,rozumieť,razumeti,chun thuig,að skilja,comprender,aru saama,ulertu,ymmärtää,comprendre,begripe,a thuigsinn,i ddeall,entender,to fahimta,e maopopo,kom to taub,megérteni,ịghọta,untuk mengerti,capire,ngerteni,fêm kirin,comprehendere,saprast,suprasti,verstoen,untuk memahami,mahazo,biex tifhem,ki te matau,begrijpen,å forstå,rozumieć,para entender,a întelege,ina ia malamalama,ho utloisisa,kunzwisisa,si ay u fahmaan,kuelewa,att förstå,ngartos,maintindihan,anlamak,tushunmoq,hiểu,ukuqonda,lati ni oye,ukuqondisisa,,,
ofte,often,dikwels,shpesh,tez-tez,tez-tez,često,sovint,sa kasagaran,často,zambiri,spissu,souvan,često,tit,často,pogosto,Is minic,oft,a menudo,sageli,askotan,usein,souvent,faak,gu tric a ',aml,frecuentemente,sau da yawa,pinepine,feem ntau,gyakran,mgbe,sering,spesso,asring,gelek car,saepe,bieži,dažnai,oft,sering,matetika,spiss,maha,vaak,ofte,często,frequentemente,de multe ori,masani ona,hangata e,kazhinji,inta badan,mara nyingi,ofta,remen,madalas,sıklıkla,ko'pincha,thường,bavame,igba,ngokuvamile,,,
vero,truth,waarheid,e vërtetë,həqiqət,həqiqət,istina,veritat,kamatuoran,pravda,choonadi,a verità,verite,istina,sandhed,pravda,resnica,fírinne,sannleikurinn,verdad,tõde,egia,totuus,vérité,wierheid,fhìrinn,gwirionedd,verdade,gaskiya,oiaio,qhov tseeb,igazság,eziokwu,kebenaran,verità,bebener,rastî,veritas,patiesība,tiesa,Wourecht,kebenaran,fahamarinana,verità,pono,waarheid,sannhet,prawda,verdade,adevăr,upu moni,'nete,chokwadi,runta,ukweli,sanning,kaleresan,katotohanan,hakikat,haqiqat,sự thật,iqiniso,otitọ,iqiniso,,,
paroli,to speak,om te praat,të flasësh,danışmaq,danışmaq,govoriti,parlar,sa igasulti,mluvit,kulankhula,à parlà,pale,govoriti,at tale,rozprávať,govoriti,chun labhairt,að tala,hablar,rääkida,hitz egin,puhua,parler,sprekke,a 'bruidhinn,i siarad,falar,yi magana,i ka'ōlelo aku,rau hais lus,beszel,na-ekwu okwu,berbicara,parlare,kanggo nganggo,axaftin,dicere,runāt,kalbėti,schwätzen,untuk bercakap,miteny,li jitkellmu,ki te korero,spreken,å snakke,mówić,falar,a vorbi,e tautala,re lokela ho bua,kutaura,in ku hadashaa,kuongea,att tala,nyarios,magsalita,konuşmak,gapirmoq,nói,ukuthetha,to sọrọ,ukukhuluma,,,
rapida,fast,vinnig,shpejt,sürətli,sürətli,brzo,ràpid,pagpuasa,rychle,kudya,viloci,vit,brzo,hurtig,rýchly,hitro,tapa,hratt,rápido,kiire,azkarra,nopeasti,vite,fluch,luath,cyflym,rápido,sauri,hookeai,ceev ceev,gyors,ngwa ngwa,cepat,veloce,cepet,zû,celer,ātri,greitai,séier,cepat,fifadian-kanina,malajr,nohopuku,snel,fort,szybki,velozes,rapid,anapogi,itima lijo,kutsanya,soomi,haraka,snabb,gancang,mabilis,hızlı,tez,Nhanh,fast,sare,okusheshayo,,,
sed,but,maar,por,Amma,Amma,ali,però,apan,ale,koma,ma,men,ali,men,ale,vendar,ach,en,pero,aga,baina,mutta,mais,mar,ach,ond,pero,amma,"akā,",tab sis,de,ma,tapi,ma,nanging,lebê,autem,bet,bet,mä,tetapi,fa,iżda,engari,maar,men,ale,mas,dar,ae,empa,asi,laakiin,lakini,men,tapi,pero,fakat,lekin,nhưng,kodwa,ṣugbọn,kodwa,,,
klara,clear,duidelik,qartë,aydın,aydın,jasno,clar,tin-aw nga,Průhledná,bwino,chjaru,klè,čisto,klar,jasný,jasno,soiléir,ljóst,claro,selge,argi,asia selvä,clair,opklearje,soilleir,clir,claro,bayyanannu,moakaka,ntshiab,egyértelmű,doro anya,bersih,chiaro,langit,zelal,liquet,skaidrs,aiškus,kloer,jelas,mazava,ċara,mārama,Doorzichtig,klar,jasny,Claro,clar,manino,hlakile,pachena,cad,wazi,klar,atra,malinaw,açık,aniq,thông thoáng,kucace,ko,ecacile,,,
pruvi,prove,bewys,provoj,sübut etmək,sübut etmək,dokazati,demostrar,mapamatud-an,dokázat,kutsimikizira,pruvà,pwouve,dokazati,bevise,dokázať,dokazati,chruthú,sanna,probar,tõestama,frogatu,todistaa,prouver,bewize,dearbhadh,profi,probar a,tabbatar da,hoao,ua pov thawj,bizonyít,gosi,membuktikan,dimostrare,mbuktekaken,delîlkirin,probare,izrādīties,įrodyti,beweise,membuktikan,manaporofo,jipprova,whakamatau,bewijzen,bevise,okazać się,provar,dovedi,faamaonia,ipaka,ratidza,caddeeyaan,kuthibitisha,bevisa,ngabuktikeun,patunayan,kanıtlamak,isbotlash,chứng minh,zibonakalise,mule,ukufakazela,,,
lerni,learn,leer,mësoj,öyrənmək,öyrənmək,naučiti,aprendre,makakat-on,Učit se,kuphunzira,amparà,aprann,naučiti,lære,učiť sa,naučiti,foghlaim,læra,aprender,õppima,ikasten,oppia,apprendre,leare,ionnsachadh,dysgu,aprender,koyi,aʻo,kawm,tanul,ịmụta,belajar,imparare,sinau,fêrbûn,discite,mācīties,mokytis,léieren,belajar,mianatra,jitgħallmu,ako,leren,lære,uczyć się,aprender,învăța,aoao,ithute,dzidza,bartaan,kujifunza,lära sig,diajar,matuto,öğrenmek,o'rganish,học hỏi,ufunde,kọ,ufunde,,,
legi,read,lees,lexoj,oxumaq,oxumaq,čitati,llegir,sa pagbasa,číst,werengani,leghje,li,čitati,Læs,čítať,prebrati,léamh,lesa,leer,lugenud,irakurri,lukea,lis,lêze,leughadh,darllen,ler,karanta,heluhelu,nyeem,olvas,agụ,Baca,leggere,maca,xwendin,legere,lasīt,skaityti,liesen,membaca,vakio ny,aqra,te pānui i,lezen,lese,czytać,ler,citit,faitau,bala,verenga,akhri,kusoma,läsa,maca,basahin,okumak,o'qib,đọc,ukufunda,ka,funda,,,
skribi,write,skryf,shkruaj,write,write,pisati,escriptura,isulat,napsat,lemba,scrivere,ekri,pisati,skrive,write,pisanje,scríobh,skrifa,escribir,kirjuta,idazketa,kirjoittaa,écrire,skriuwe,a 'sgrìobhadh,ysgrifennu,Write,write,kahakaha iho,sau,ír,dee,menulis,Scrivi,nulis,nivîsîn,scribentes injustitiam,rakstīt,Parašyti,schreiwen,write,soraty,tikteb,Tuhituhi,schrijven,skrive,pisać,escrever,scrie,tusi,"a ngole,",nyora,waxaad u qortaa,andika,skriva,nulis,write,yazmak,yozish,ghi,bhala,kọ,bhala,,,
konsentas,agree,stem,bie dakord,razılaşmaq,razılaşmaq,složiti,acordar,mouyon,souhlasit,kugwirizana,accordu,dakò,složiti,enig,súhlasiť,se strinjam,aontú,sammála,de acuerdo,nõustuma,ados,olla samaa mieltä,se mettre d'accord,oerienkomme,aontachadh,cytuno,acordo,yarda,ae,pom zoo,egyetért,ekweta,setuju,essere d'accordo,setuju,qebûlkirin,conveniunt,piekrist,susitarti,averstanen,bersetuju,manaiky,jaqblu,whakaae,mee eens,bli enige,Zgodzić się,aceita,de acord,ioe,lumellana,dzinobvumirana,heshiiyaan,kubali,hålla med,satuju,sumang-ayon,Katılıyorum,rozi,đồng ý,uyavuma,gba,uyavumelana,,,
ne,not,nie,nuk,yox,yox,ne,no,dili,ne,osati,ùn,pa,ne,ikke,nie,ne,ní,ekki,no,mitte,ez,ei,ne pas,net,chan eil,nid,non,ba,ole,tsis,nem,bụghị,tidak,non,ora,ne,non,nav,ne,net,tidak,tsy,mhux,e kore,niet,ikke,nie,não,nu,lē,ha,kwete,ma,si,inte,teu,hindi,değil,yo'q,không phải,hayi,ko,hhayi,,,
vidi,see,sien,Shiko,görmək,görmək,vidjeti,veure,tan-awa ang,vidět,onani,vede,wè,vidjeti,se,vidieť,glej,féach,sjá,ver,nägema,ikusi,nähdä,voir,sjen,fhaicinn,gweld,Ver,gani,ike,saib,lát,ahụ,Lihat,vedere,ndeleng,dîtin,videre,redzēt,pamatyti,gesinn,melihat,jereo,tara,kite,zien,se,widzieć,Vejo,vedea,vaʻai,bona,ona,arki,kuona,ser,tingali,makita,görmek,ko'rish,xem,ukubona,wo,ukubona,,,
papo,Pope,Pous,papë,Papa,Papa,papa,papa,Papa,Papež,papa,Pope,Pap,Papa,Pave,pápež,Pope,Pope,Pope,Papa,paavst,Aita Santuak,Paavi,le pape,paus,Pope,Pope,Papa,Paparoma,Pope,Pope,Pápa,Pope,Paus,Papa,Paus,Papa,papa,pāvests,popiežius,Poopst,paus,Pope,Papa,Pope,paus,Pave,Papież,Papa,Papă,ositāulaga,Pope,papa,Pope,Papa,Påve,paus,papa,papa,Rim papasi,Đức Giáo Hoàng,Pope,Pope,Pope,,,
suno,sun,son,diell,günəş,günəş,sunce,sol,adlaw,slunce,dzuwa,soli,solèy,Sunce,sol,slnko,sonce,ghrian,sun,Dom,päike,eguzkia,aurinko,Soleil,sinne,ghrian,haul,sol,rãnã,lā,hnub,nap,anyanwụ,matahari,sole,sun,tav,solis,saule,saulė,Sonn,matahari,masoandro,xemx,ra,zon,sol,słońce,Sol,soare,lā,letsatsi,zuva,qorraxdu,jua,Sol,panonpoe,araw,Güneş,quyosh,mặt trời,ilanga,oorun,ilanga,,,
brili,shine,skyn,shndrit,parlaq,parlaq,sijati,brillantor,ag,lesk,kudzawala,beddhu,klere,sjaj,skinne,lesk,sijaj,Shine,skína,brillar,sära,distira,paistaa,éclat,skine,Shine,disgleirio,brillo,haske,alohi,ci,ragyog,na-enwu,bersinar,brillare,kawentar,birq,luceat,spīdēt,šviesti,Nordliichter,bersinar,hamirapiratra,shine,whiti,schijnen,skinne,połysk,brilho,strălucire,susulu,le ke le khanye,penya,iftiimo,uangaze,glans,caang,kinang,parlamak,nur sochmoq,chiếu sáng,ukhanye,imọlẹ,kukhanye,,,
bebo,baby,baba,bebe,körpə,körpə,beba,nadó,bata,dítě,mwana,zitellu,ti bebe,dijete,baby,dieťa,dojenček,leanbh,barnið,bebé,laps,umea,vauva,bébé,poppe,naoidhean,babi,bebé,baby,bebe,tus me nyuam,baba,nwa,bayi,bambino,baby,bebek,infans,mazulis,kūdikis,Puppelchen,bayi,zazakely,tarbija,tamaiti,baby,baby,dziecko,bebê,bebelus,tamameamea,lesea,mwana,ilmahaaga,mtoto,bebis,orok,sanggol,bebek,chaqaloq,đứa bé,baby,Ọmọ,ingane,,,
iri,to go,om te gaan,për të shkuar,getmək,getmək,ići,anar,sa pag-adto,jít,kupita,andà,yo ale,ići,at gå,ísť,iti,dul,að fara,ir,minema,joan,mennä,aller,Gean,Gu bhith a 'dol,i fynd,Ir,je,e hele,mus,menni,na-aga,untuk pergi,andare,tindak ning,çûn,ire,iet,eiti,goen,untuk pergi,mandeha,biex tmur,ki te haere,gaan,å gå,iść,ir,a merge,e alu,ho ea,kuenda,si ay u tagaan,kwenda,att gå,mun balik,upang pumunta,gitmek,bormoq,đi,ukuhamba,lati lọ,ukuhamba,,,
veni,to come,om te kom,te vish,gəlmək,gəlmək,doći,venir,nga moabut,přijít,kubwera,à vene,vini,doći,at komme,prísť,priti,tar,að koma,venir,tulema,etorri,tulla,venir,komme,a 'tighinn,i ddod,para vir,to zo,e hele mai,tuaj,jönni,na-abịa,datang,venire,teka,hatin,venire,nākt,ateiti,ze kommen,akan datang,ho avy,li ġejjin,ki te haere mai,komen,å komme,przyjść,vir,a veni,ina ia o mai,ho kena,kuuya,inuu yimaado,kuja,att komma,sumping,na dumating,gelmek,kelmoq,đến,ukuza,lati wa,ukuza,,AZERBAIJANI ,ədəbiyyat
vendi,sell,sell,shes,satış,satış,prodaju,vendre,sell,prodat,kugulitsa,vendi,vann,prodati,sælge,sell,prodaja,dhíol,selja,vender,müüa,saldu,myydä,vendre,ferkeapje,reic,gwerthu,Sell,sell,E kuai lilo aku,muag,elad,ere,menjual,vendere,sell,firotin,'vendunt,pārdot,parduoti,verkafen,jual,mivarotra,jbiegħu,hokona,verkopen,selge,Sprzedać,vender,vinde,faʻatau atu,rekisetse,ikatengesa,iibiyay,kuuza,sälja,ngajual,sell,satmak,sotish,bán,ethengisa,ta,ukuthengisa,,CROATIAN ,Književnost
,,,,,,,,,,,,,,,,,,,,,,,,,,,,,,,,,,,,,,,,,,,,,,,,,,,,,,,,,,,,,,,,,ICELANDIC ,bókmenntir
,,,,,,,,,,,,,,,,,,,,,,,,,,,,,,,,,,,,,,,,,,,,,,,,,,,,,,,,,,,,,,,,,ESTONIAN,kirjandus
,,,,,,,,,,,,,,,,,,,,,,,,,,,,,,,,,,,,,,,,,,,,,,,,,,,,,,,,,,,,,,,,,FINNISH,Kirjallisuus
,,,,,,,,,,,,,,,,,,,,,,,,,,,,,,,,,,,,,,,,,,,,,,,,,,,,,,,,,,,,,,,,,WELSH ,llenyddiaeth
,,,,,,,,,,,,,,,,,,,,,,,,,,,,,,,,,,,,,,,,,,,,,,,,,,,,,,,,,,,,,,,,,HAUSA ,Wallafe-wallafe
,,,,,,,,,,,,,,,,,,,,,,,,,,,,,,,,,,,,,,,,,,,,,,,,,,,,,,,,,,,,,,,,,HAWUAIAN,moʻokalaleo
,,,,,,,,,,,,,,,,,,,,,,,,,,,,,,,,,,,,,,,,,,,,,,,,,,,,,,,,,,,,,,,,,HUNGARIAN,Irodalom
,,,,,,,,,,,,,,,,,,,,,,,,,,,,,,,,,,,,,,,,,,,,,,,,,,,,,,,,,,,,,,,,,JAVANESE,Sastra
,,,,,,,,,,,,,,,,,,,,,,,,,,,,,,,,,,,,,,,,,,,,,,,,,,,,,,,,,,,,,,,,,KURDISH,Hêdane
,,,,,,,,,,,,,,,,,,,,,,,,,,,,,,,,,,,,,,,,,,,,,,,,,,,,,,,,,,,,,,,,,MALAY,Kesusasteraan
,,,,,,,,,,,,,,,,,,,,,,,,,,,,,,,,,,,,,,,,,,,,,,,,,,,,,,,,,,,,,,,,,MALAGASY,Haisoratra
,,,,,,,,,,,,,,,,,,,,,,,,,,,,,,,,,,,,,,,,,,,,,,,,,,,,,,,,,,,,,,,,,SAMOAN,tusitusi
,,,,,,,,,,,,,,,,,,,,,,,,,,,,,,,,,,,,,,,,,,,,,,,,,,,,,,,,,,,,,,,,,SESOTHO,lingoliloeng
,,,,,,,,,,,,,,,,,,,,,,,,,,,,,,,,,,,,,,,,,,,,,,,,,,,,,,,,,,,,,,,,,SOMALI,suugaanta
,,,,,,,,,,,,,,,,,,,,,,,,,,,,,,,,,,,,,,,,,,,,,,,,,,,,,,,,,,,,,,,,,SUNDANESE,Sastra
,,,,,,,,,,,,,,,,,,,,,,,,,,,,,,,,,,,,,,,,,,,,,,,,,,,,,,,,,,,,,,,,,TAGALOG,panitikan
,,,,,,,,,,,,,,,,,,,,,,,,,,,,,,,,,,,,,,,,,,,,,,,,,,,,,,,,,,,,,,,,,TURKISH ,Edebiyat
,,,,,,,,,,,,,,,,,,,,,,,,,,,,,,,,,,,,,,,,,,,,,,,,,,,,,,,,,,,,,,,,,UZBEK ,adabiyot
,,,,,,,,,,,,,,,,,,,,,,,,,,,,,,,,,,,,,,,,,,,,,,,,,,,,,,,,,,,,,,,,,VIETNAMESE ,Văn chương
,,,,,,,,,,,,,,,,,,,,,,,,,,,,,,,,,,,,,,,,,,,,,,,,,,,,,,,,,,,,,,,,,ZULU ,Kuye kwanyatheliswa izincwadi
